{
  "n_params": 154470912,
  "checkpoint": "checkpoints/aria_v1_160m_multihost/final.pt",
  "num_fewshot": 0,
  "tasks": {
    "arc_easy": {
      "acc,none": 0.4562289562289562,
      "acc_stderr,none": 0.010220394383722022,
      "acc_norm,none": 0.41203703703703703,
      "acc_norm_stderr,none": 0.010099765857562759
    },
    "hellaswag": {
      "acc,none": 0.27633937462656843,
      "acc_stderr,none": 0.00446272754305589,
      "acc_norm,none": 0.28520215096594304,
      "acc_norm_stderr,none": 0.004505879084606793
    },
    "piqa": {
      "acc,none": 0.5979325353645266,
      "acc_stderr,none": 0.011439867127267531,
      "acc_norm,none": 0.5837867247007617,
      "acc_norm_stderr,none": 0.011500864675166568
    }
  }
}